course_id,course_title,course_rating,minutes_watched,exam_result
23,"Introduction to Excel",4,0.3,50
23,"Introduction to Excel",5,0.3,100
23,"Introduction to Excel",5,0.3,33
23,"Introduction to Excel",5,0.3,100
23,"Introduction to Excel",5,0.3,83
23,"Introduction to Excel",5,0.3,100
23,"Introduction to Excel",5,0.3,83
23,"Introduction to Excel",5,0.3,50
23,"Introduction to Excel",5,0.3,83
23,"Introduction to Excel",5,0.3,100
23,"Introduction to Excel",5,0.3,67
23,"Introduction to Excel",5,0.3,100
23,"Introduction to Excel",5,0.3,83
23,"Introduction to Excel",5,0.3,100
23,"Introduction to Excel",5,0.3,39
23,"Introduction to Excel",5,0.3,100
23,"Introduction to Excel",5,0.3,33
23,"Introduction to Excel",5,0.3,100
23,"Introduction to Excel",4,0.3,63
23,"Introduction to Excel",4,0.3,50
23,"Introduction to Excel",4,0.3,67
23,"Introduction to Excel",5,0.3,100
23,"Introduction to Excel",5,0.3,0
23,"Introduction to Excel",5,0.3,100
23,"Introduction to Excel",5,0.3,0
23,"Introduction to Excel",4,0.3,100
23,"Introduction to Excel",5,0.3,100
23,"Introduction to Excel",5,0.3,50
23,"Introduction to Excel",5,0.3,100
23,"Introduction to Excel",5,0.3,67
23,"Introduction to Excel",5,0.3,100
23,"Introduction to Excel",5,0.3,83
23,"Introduction to Excel",5,0.3,100
23,"Introduction to Excel",5,0.3,50
23,"Introduction to Excel",4,0.3,67
23,"Introduction to Excel",5,0.3,83
23,"Introduction to Excel",5,0.3,83
23,"Introduction to Excel",5,0.3,67
23,"Introduction to Excel",5,0.3,100
23,"Introduction to Excel",5,0.3,50
23,"Introduction to Excel",5,0.3,100
23,"Introduction to Excel",5,0.3,67
23,"Introduction to Excel",5,0.3,33
23,"Introduction to Excel",5,0.3,100
23,"Introduction to Excel",5,0.3,50
23,"Introduction to Excel",5,0.3,88
23,"Introduction to Excel",5,0.3,83
23,"Introduction to Excel",5,0.3,83
23,"Introduction to Excel",5,0.3,67
23,"Introduction to Excel",5,0.3,100
23,"Introduction to Excel",5,0.3,50
23,"Introduction to Excel",5,0.3,100
23,"Introduction to Excel",5,0.3,83
23,"Introduction to Excel",5,0.3,33
23,"Introduction to Excel",5,0.3,100
23,"Introduction to Excel",5,0.3,17
23,"Introduction to Excel",4,0.3,83
23,"Introduction to Excel",4,0.3,33
23,"Introduction to Excel",5,0.3,100
23,"Introduction to Excel",5,0.3,67
23,"Introduction to Excel",5,0.3,100
23,"Introduction to Excel",5,0.3,100
23,"Introduction to Excel",5,0.3,83
23,"Introduction to Excel",5,0.3,100
23,"Introduction to Excel",5,0.3,100
23,"Introduction to Excel",5,0.3,100
23,"Introduction to Excel",5,0.3,17
23,"Introduction to Excel",5,0.3,50
23,"Introduction to Excel",5,0.3,100
23,"Introduction to Excel",5,0.3,100
23,"Introduction to Excel",5,0.3,83
23,"Introduction to Excel",5,0.3,28
23,"Introduction to Excel",5,0.3,100
23,"Introduction to Excel",5,0.3,67
23,"Introduction to Excel",5,0.3,17
23,"Introduction to Excel",5,0.3,100
23,"Introduction to Excel",5,0.3,67
23,"Introduction to Excel",5,0.3,100
23,"Introduction to Excel",5,0.3,83
23,"Introduction to Excel",5,0.3,100
23,"Introduction to Excel",5,0.3,83
23,"Introduction to Excel",5,0.3,28
23,"Introduction to Excel",5,0.3,50
23,"Introduction to Excel",5,0.3,0
23,"Introduction to Excel",5,0.3,80
23,"Introduction to Excel",5,0.3,57
23,"Introduction to Excel",5,0.3,100
23,"Introduction to Excel",5,0.3,83
23,"Introduction to Excel",5,0.3,50
23,"Introduction to Excel",5,0.3,100
23,"Introduction to Excel",5,0.3,83
23,"Introduction to Excel",5,0.3,67
23,"Introduction to Excel",5,0.3,71
23,"Introduction to Excel",5,0.3,79
23,"Introduction to Excel",5,0.3,83
23,"Introduction to Excel",5,0.3,100
23,"Introduction to Excel",5,0.3,100
23,"Introduction to Excel",5,0.3,71
23,"Introduction to Excel",5,0.3,100
23,"Introduction to Excel",5,0.3,67
23,"Introduction to Excel",5,0.3,100
23,"Introduction to Excel",5,0.3,67
23,"Introduction to Excel",5,0.3,100
23,"Introduction to Excel",5,0.3,17
23,"Introduction to Excel",5,0.3,100
23,"Introduction to Excel",5,0.3,33
23,"Introduction to Excel",5,0.3,54
23,"Introduction to Excel",5,0.3,100
23,"Introduction to Excel",5,0.3,33
23,"Introduction to Excel",5,0.3,83
23,"Introduction to Excel",5,0.3,67
23,"Introduction to Excel",5,0.3,83
23,"Introduction to Excel",5,0.3,100
23,"Introduction to Excel",5,0.3,17
23,"Introduction to Excel",5,0.3,100
23,"Introduction to Excel",5,0.3,67
23,"Introduction to Excel",5,0.3,100
23,"Introduction to Excel",5,0.3,75
23,"Introduction to Excel",5,0.3,100
23,"Introduction to Excel",5,0.3,83
23,"Introduction to Excel",5,0.3,100
23,"Introduction to Excel",5,0.3,67
23,"Introduction to Excel",5,0.3,100
23,"Introduction to Excel",5,0.3,50
23,"Introduction to Excel",5,0.3,92
23,"Introduction to Excel",5,0.3,46
23,"Introduction to Excel",5,0.3,100
23,"Introduction to Excel",5,0.3,50
23,"Introduction to Excel",5,0.3,100
23,"Introduction to Excel",5,0.3,20
23,"Introduction to Excel",5,0.3,83
23,"Introduction to Excel",5,0.3,100
23,"Introduction to Excel",5,0.3,83
23,"Introduction to Excel",5,0.3,100
23,"Introduction to Excel",5,0.3,83
23,"Introduction to Excel",5,0.3,67
23,"Introduction to Excel",5,0.3,100
23,"Introduction to Excel",5,0.3,83
23,"Introduction to Excel",5,0.3,67
2,"Introduction to Tableau",5,12.9,100
2,"Introduction to Tableau",5,12.9,100
2,"Introduction to Tableau",5,12.9,67
2,"Introduction to Tableau",4,12.9,83
2,"Introduction to Tableau",4,12.9,100
2,"Introduction to Tableau",4,12.9,83
2,"Introduction to Tableau",4,12.9,100
2,"Introduction to Tableau",4,12.9,50
2,"Introduction to Tableau",5,12.9,53
2,"Introduction to Tableau",5,12.9,67
2,"Introduction to Tableau",5,12.9,100
2,"Introduction to Tableau",5,12.9,83
2,"Introduction to Tableau",5,12.9,33
2,"Introduction to Tableau",5,12.9,83
2,"Introduction to Tableau",4,12.9,67
2,"Introduction to Tableau",5,12.9,83
2,"Introduction to Tableau",4,12.9,83
2,"Introduction to Tableau",5,12.9,67
2,"Introduction to Tableau",5,12.9,67
2,"Introduction to Tableau",5,12.9,100
2,"Introduction to Tableau",5,12.9,70
2,"Introduction to Tableau",5,12.9,100
2,"Introduction to Tableau",5,12.9,46
2,"Introduction to Tableau",5,12.9,100
2,"Introduction to Tableau",5,12.9,50
2,"Introduction to Tableau",5,12.9,100
2,"Introduction to Tableau",5,12.9,100
2,"Introduction to Tableau",5,12.9,50
2,"Introduction to Tableau",5,12.9,33
2,"Introduction to Tableau",4,12.9,100
2,"Introduction to Tableau",4,12.9,50
2,"Introduction to Tableau",5,12.9,83
2,"Introduction to Tableau",5,12.9,100
2,"Introduction to Tableau",5,12.9,88
2,"Introduction to Tableau",5,12.9,42
2,"Introduction to Tableau",5,12.9,67
2,"Introduction to Tableau",5,12.9,50
2,"Introduction to Tableau",5,12.9,100
2,"Introduction to Tableau",5,12.9,100
2,"Introduction to Tableau",5,12.9,83
2,"Introduction to Tableau",4,12.9,90
2,"Introduction to Tableau",4,12.9,43
2,"Introduction to Tableau",4,12.9,83
2,"Introduction to Tableau",5,12.9,67
2,"Introduction to Tableau",5,12.9,67
2,"Introduction to Tableau",5,12.9,28
2,"Introduction to Tableau",5,12.9,100
2,"Introduction to Tableau",5,12.9,67
2,"Introduction to Tableau",4,12.9,67
2,"Introduction to Tableau",5,12.9,88
2,"Introduction to Tableau",5,12.9,67
2,"Introduction to Tableau",5,12.9,28
2,"Introduction to Tableau",5,12.9,100
2,"Introduction to Tableau",5,12.9,50
2,"Introduction to Tableau",5,12.9,67
2,"Introduction to Tableau",5,12.9,0
2,"Introduction to Tableau",5,12.9,67
2,"Introduction to Tableau",5,12.9,80
2,"Introduction to Tableau",4,12.9,67
2,"Introduction to Tableau",4,12.9,83
2,"Introduction to Tableau",5,12.9,75
2,"Introduction to Tableau",5,12.9,50
2,"Introduction to Tableau",5,12.9,83
2,"Introduction to Tableau",5,12.9,33
2,"Introduction to Tableau",5,12.9,57
2,"Introduction to Tableau",5,12.9,100
2,"Introduction to Tableau",5,12.9,33
2,"Introduction to Tableau",5,12.9,100
2,"Introduction to Tableau",5,12.9,33
2,"Introduction to Tableau",4,12.9,90
2,"Introduction to Tableau",4,12.9,37
2,"Introduction to Tableau",5,12.9,83
2,"Introduction to Tableau",5,12.9,100
2,"Introduction to Tableau",5,12.9,83
2,"Introduction to Tableau",5,12.9,71
2,"Introduction to Tableau",5,12.9,79
2,"Introduction to Tableau",5,12.9,100
2,"Introduction to Tableau",4,12.9,100
2,"Introduction to Tableau",4,12.9,0
2,"Introduction to Tableau",5,12.9,83
2,"Introduction to Tableau",5,12.9,100
2,"Introduction to Tableau",5,12.9,100
2,"Introduction to Tableau",5,12.9,100
2,"Introduction to Tableau",4,12.9,100
2,"Introduction to Tableau",4,12.9,50
2,"Introduction to Tableau",5,12.9,67
2,"Introduction to Tableau",4,12.9,0
2,"Introduction to Tableau",5,12.9,67
2,"Introduction to Tableau",5,12.9,100
2,"Introduction to Tableau",5,12.9,67
2,"Introduction to Tableau",5,12.9,100
2,"Introduction to Tableau",5,12.9,83
2,"Introduction to Tableau",5,12.9,54
2,"Introduction to Tableau",5,12.9,100
2,"Introduction to Tableau",5,12.9,33
2,"Introduction to Tableau",4,12.9,83
2,"Introduction to Tableau",4,12.9,100
2,"Introduction to Tableau",5,12.9,100
2,"Introduction to Tableau",5,12.9,83
2,"Introduction to Tableau",5,12.9,67
2,"Introduction to Tableau",4,12.9,58
2,"Introduction to Tableau",4,12.9,100
2,"Introduction to Tableau",4,12.9,67
2,"Introduction to Tableau",5,12.9,100
2,"Introduction to Tableau",5,12.9,17
2,"Introduction to Tableau",5,12.9,100
2,"Introduction to Tableau",5,12.9,67
2,"Introduction to Tableau",5,12.9,100
2,"Introduction to Tableau",5,12.9,75
2,"Introduction to Tableau",5,12.9,100
2,"Introduction to Tableau",5,12.9,83
2,"Introduction to Tableau",5,12.9,100
2,"Introduction to Tableau",5,12.9,67
2,"Introduction to Tableau",4,12.9,100
2,"Introduction to Tableau",4,12.9,50
2,"Introduction to Tableau",4,12.9,83
2,"Introduction to Tableau",4,12.9,67
2,"Introduction to Tableau",4,12.9,100
2,"Introduction to Tableau",4,12.9,67
2,"Introduction to Tableau",4,12.9,100
2,"Introduction to Tableau",4,12.9,50
2,"Introduction to Tableau",4,12.9,100
2,"Introduction to Tableau",4,12.9,83
2,"Introduction to Tableau",4,12.9,50
7,"Introduction to Data and Data Science",5,46.8,100
7,"Introduction to Data and Data Science",5,46.8,50
7,"Introduction to Data and Data Science",5,46.8,100
7,"Introduction to Data and Data Science",5,46.8,83
7,"Introduction to Data and Data Science",5,46.8,0
7,"Introduction to Data and Data Science",5,46.8,83
7,"Introduction to Data and Data Science",5,46.8,0
7,"Introduction to Data and Data Science",5,46.8,100
7,"Introduction to Data and Data Science",5,46.8,67
7,"Introduction to Data and Data Science",5,46.8,100
7,"Introduction to Data and Data Science",5,46.8,0
7,"Introduction to Data and Data Science",5,46.8,0
7,"Introduction to Data and Data Science",5,46.8,33
7,"Introduction to Data and Data Science",5,46.8,100
7,"Introduction to Data and Data Science",5,46.8,50
7,"Introduction to Data and Data Science",5,46.8,100
7,"Introduction to Data and Data Science",5,46.8,83
7,"Introduction to Data and Data Science",5,46.8,93
7,"Introduction to Data and Data Science",5,46.8,37
7,"Introduction to Data and Data Science",5,46.8,100
7,"Introduction to Data and Data Science",5,46.8,67
7,"Introduction to Data and Data Science",5,46.8,100
7,"Introduction to Data and Data Science",5,46.8,33
7,"Introduction to Data and Data Science",5,46.8,92
7,"Introduction to Data and Data Science",5,46.8,100
7,"Introduction to Data and Data Science",5,46.8,50
7,"Introduction to Data and Data Science",5,46.8,83
7,"Introduction to Data and Data Science",5,46.8,67
7,"Introduction to Data and Data Science",5,46.8,0
7,"Introduction to Data and Data Science",5,46.8,50
7,"Introduction to Data and Data Science",5,46.8,100
7,"Introduction to Data and Data Science",5,46.8,17
7,"Introduction to Data and Data Science",5,46.8,33
7,"Introduction to Data and Data Science",5,46.8,83
7,"Introduction to Data and Data Science",5,46.8,67
7,"Introduction to Data and Data Science",5,46.8,0
7,"Introduction to Data and Data Science",5,46.8,0
7,"Introduction to Data and Data Science",5,46.8,83
7,"Introduction to Data and Data Science",5,46.8,0
7,"Introduction to Data and Data Science",5,46.8,33
7,"Introduction to Data and Data Science",5,46.8,67
7,"Introduction to Data and Data Science",5,46.8,100
7,"Introduction to Data and Data Science",5,46.8,50
7,"Introduction to Data and Data Science",5,46.8,67
7,"Introduction to Data and Data Science",5,46.8,67
7,"Introduction to Data and Data Science",5,46.8,100
7,"Introduction to Data and Data Science",5,46.8,17
7,"Introduction to Data and Data Science",5,46.8,100
7,"Introduction to Data and Data Science",5,46.8,50
7,"Introduction to Data and Data Science",5,46.8,100
7,"Introduction to Data and Data Science",5,46.8,67
7,"Introduction to Data and Data Science",5,46.8,100
7,"Introduction to Data and Data Science",5,46.8,17
7,"Introduction to Data and Data Science",5,46.8,17
7,"Introduction to Data and Data Science",5,46.8,50
7,"Introduction to Data and Data Science",5,46.8,100
7,"Introduction to Data and Data Science",5,46.8,50
7,"Introduction to Data and Data Science",5,46.8,100
7,"Introduction to Data and Data Science",5,46.8,100
7,"Introduction to Data and Data Science",5,46.8,67
7,"Introduction to Data and Data Science",5,46.8,83
7,"Introduction to Data and Data Science",5,46.8,50
7,"Introduction to Data and Data Science",5,46.8,83
7,"Introduction to Data and Data Science",5,46.8,83
7,"Introduction to Data and Data Science",5,46.8,17
7,"Introduction to Data and Data Science",5,46.8,50
7,"Introduction to Data and Data Science",4,46.8,67
7,"Introduction to Data and Data Science",5,46.8,100
7,"Introduction to Data and Data Science",5,46.8,67
7,"Introduction to Data and Data Science",4,46.8,100
7,"Introduction to Data and Data Science",4,46.8,17
7,"Introduction to Data and Data Science",5,4.3,100
7,"Introduction to Data and Data Science",5,4.3,50
7,"Introduction to Data and Data Science",5,4.3,100
7,"Introduction to Data and Data Science",5,4.3,83
7,"Introduction to Data and Data Science",5,4.3,0
7,"Introduction to Data and Data Science",5,4.3,83
7,"Introduction to Data and Data Science",5,4.3,0
7,"Introduction to Data and Data Science",5,4.3,100
7,"Introduction to Data and Data Science",5,4.3,67
7,"Introduction to Data and Data Science",5,4.3,100
7,"Introduction to Data and Data Science",5,4.3,0
7,"Introduction to Data and Data Science",5,4.3,0
7,"Introduction to Data and Data Science",5,4.3,33
7,"Introduction to Data and Data Science",5,4.3,100
7,"Introduction to Data and Data Science",5,4.3,50
7,"Introduction to Data and Data Science",5,4.3,100
7,"Introduction to Data and Data Science",5,4.3,83
7,"Introduction to Data and Data Science",5,4.3,93
7,"Introduction to Data and Data Science",5,4.3,37
7,"Introduction to Data and Data Science",5,4.3,100
7,"Introduction to Data and Data Science",5,4.3,67
7,"Introduction to Data and Data Science",5,4.3,100
7,"Introduction to Data and Data Science",5,4.3,33
7,"Introduction to Data and Data Science",5,4.3,92
7,"Introduction to Data and Data Science",5,4.3,100
7,"Introduction to Data and Data Science",5,4.3,50
7,"Introduction to Data and Data Science",5,4.3,83
7,"Introduction to Data and Data Science",5,4.3,67
7,"Introduction to Data and Data Science",5,4.3,0
7,"Introduction to Data and Data Science",5,4.3,50
7,"Introduction to Data and Data Science",5,4.3,100
7,"Introduction to Data and Data Science",5,4.3,17
7,"Introduction to Data and Data Science",5,4.3,33
7,"Introduction to Data and Data Science",5,4.3,83
7,"Introduction to Data and Data Science",5,4.3,67
7,"Introduction to Data and Data Science",5,4.3,0
7,"Introduction to Data and Data Science",5,4.3,0
7,"Introduction to Data and Data Science",5,4.3,83
7,"Introduction to Data and Data Science",5,4.3,0
7,"Introduction to Data and Data Science",5,4.3,33
7,"Introduction to Data and Data Science",5,4.3,67
7,"Introduction to Data and Data Science",5,4.3,100
7,"Introduction to Data and Data Science",5,4.3,50
7,"Introduction to Data and Data Science",5,4.3,67
7,"Introduction to Data and Data Science",5,4.3,67
7,"Introduction to Data and Data Science",5,4.3,100
7,"Introduction to Data and Data Science",5,4.3,17
7,"Introduction to Data and Data Science",5,4.3,100
7,"Introduction to Data and Data Science",5,4.3,50
7,"Introduction to Data and Data Science",5,4.3,100
7,"Introduction to Data and Data Science",5,4.3,67
7,"Introduction to Data and Data Science",5,4.3,100
7,"Introduction to Data and Data Science",5,4.3,17
7,"Introduction to Data and Data Science",5,4.3,17
7,"Introduction to Data and Data Science",5,4.3,50
7,"Introduction to Data and Data Science",5,4.3,100
7,"Introduction to Data and Data Science",5,4.3,50
7,"Introduction to Data and Data Science",5,4.3,100
7,"Introduction to Data and Data Science",5,4.3,100
7,"Introduction to Data and Data Science",5,4.3,67
7,"Introduction to Data and Data Science",5,4.3,83
7,"Introduction to Data and Data Science",5,4.3,50
7,"Introduction to Data and Data Science",5,4.3,83
7,"Introduction to Data and Data Science",5,4.3,83
7,"Introduction to Data and Data Science",5,4.3,17
7,"Introduction to Data and Data Science",5,4.3,50
7,"Introduction to Data and Data Science",4,4.3,67
7,"Introduction to Data and Data Science",5,4.3,100
7,"Introduction to Data and Data Science",5,4.3,67
7,"Introduction to Data and Data Science",4,4.3,100
7,"Introduction to Data and Data Science",4,4.3,17
7,"Introduction to Data and Data Science",5,31.7,100
7,"Introduction to Data and Data Science",5,31.7,50
7,"Introduction to Data and Data Science",5,31.7,100
7,"Introduction to Data and Data Science",5,31.7,83
7,"Introduction to Data and Data Science",5,31.7,0
7,"Introduction to Data and Data Science",5,31.7,83
7,"Introduction to Data and Data Science",5,31.7,0
7,"Introduction to Data and Data Science",5,31.7,100
7,"Introduction to Data and Data Science",5,31.7,67
7,"Introduction to Data and Data Science",5,31.7,100
7,"Introduction to Data and Data Science",5,31.7,0
7,"Introduction to Data and Data Science",5,31.7,0
7,"Introduction to Data and Data Science",5,31.7,33
7,"Introduction to Data and Data Science",5,31.7,100
7,"Introduction to Data and Data Science",5,31.7,50
7,"Introduction to Data and Data Science",5,31.7,100
7,"Introduction to Data and Data Science",5,31.7,83
7,"Introduction to Data and Data Science",5,31.7,93
7,"Introduction to Data and Data Science",5,31.7,37
7,"Introduction to Data and Data Science",5,31.7,100
7,"Introduction to Data and Data Science",5,31.7,67
7,"Introduction to Data and Data Science",5,31.7,100
7,"Introduction to Data and Data Science",5,31.7,33
7,"Introduction to Data and Data Science",5,31.7,92
7,"Introduction to Data and Data Science",5,31.7,100
7,"Introduction to Data and Data Science",5,31.7,50
7,"Introduction to Data and Data Science",5,31.7,83
7,"Introduction to Data and Data Science",5,31.7,67
7,"Introduction to Data and Data Science",5,31.7,0
7,"Introduction to Data and Data Science",5,31.7,50
7,"Introduction to Data and Data Science",5,31.7,100
7,"Introduction to Data and Data Science",5,31.7,17
7,"Introduction to Data and Data Science",5,31.7,33
7,"Introduction to Data and Data Science",5,31.7,83
7,"Introduction to Data and Data Science",5,31.7,67
7,"Introduction to Data and Data Science",5,31.7,0
7,"Introduction to Data and Data Science",5,31.7,0
7,"Introduction to Data and Data Science",5,31.7,83
7,"Introduction to Data and Data Science",5,31.7,0
7,"Introduction to Data and Data Science",5,31.7,33
7,"Introduction to Data and Data Science",5,31.7,67
7,"Introduction to Data and Data Science",5,31.7,100
7,"Introduction to Data and Data Science",5,31.7,50
7,"Introduction to Data and Data Science",5,31.7,67
7,"Introduction to Data and Data Science",5,31.7,67
7,"Introduction to Data and Data Science",5,31.7,100
7,"Introduction to Data and Data Science",5,31.7,17
7,"Introduction to Data and Data Science",5,31.7,100
7,"Introduction to Data and Data Science",5,31.7,50
7,"Introduction to Data and Data Science",5,31.7,100
7,"Introduction to Data and Data Science",5,31.7,67
7,"Introduction to Data and Data Science",5,31.7,100
7,"Introduction to Data and Data Science",5,31.7,17
7,"Introduction to Data and Data Science",5,31.7,17
7,"Introduction to Data and Data Science",5,31.7,50
7,"Introduction to Data and Data Science",5,31.7,100
7,"Introduction to Data and Data Science",5,31.7,50
7,"Introduction to Data and Data Science",5,31.7,100
7,"Introduction to Data and Data Science",5,31.7,100
7,"Introduction to Data and Data Science",5,31.7,67
7,"Introduction to Data and Data Science",5,31.7,83
7,"Introduction to Data and Data Science",5,31.7,50
7,"Introduction to Data and Data Science",5,31.7,83
7,"Introduction to Data and Data Science",5,31.7,83
7,"Introduction to Data and Data Science",5,31.7,17
7,"Introduction to Data and Data Science",5,31.7,50
7,"Introduction to Data and Data Science",4,31.7,67
7,"Introduction to Data and Data Science",5,31.7,100
7,"Introduction to Data and Data Science",5,31.7,67
7,"Introduction to Data and Data Science",4,31.7,100
7,"Introduction to Data and Data Science",4,31.7,17
7,"Introduction to Data and Data Science",5,61.6,100
7,"Introduction to Data and Data Science",5,61.6,50
7,"Introduction to Data and Data Science",5,61.6,100
7,"Introduction to Data and Data Science",5,61.6,83
7,"Introduction to Data and Data Science",5,61.6,0
7,"Introduction to Data and Data Science",5,61.6,83
7,"Introduction to Data and Data Science",5,61.6,0
7,"Introduction to Data and Data Science",5,61.6,100
7,"Introduction to Data and Data Science",5,61.6,67
7,"Introduction to Data and Data Science",5,61.6,100
7,"Introduction to Data and Data Science",5,61.6,0
7,"Introduction to Data and Data Science",5,61.6,0
7,"Introduction to Data and Data Science",5,61.6,33
7,"Introduction to Data and Data Science",5,61.6,100
7,"Introduction to Data and Data Science",5,61.6,50
7,"Introduction to Data and Data Science",5,61.6,100
7,"Introduction to Data and Data Science",5,61.6,83
7,"Introduction to Data and Data Science",5,61.6,93
7,"Introduction to Data and Data Science",5,61.6,37
7,"Introduction to Data and Data Science",5,61.6,100
7,"Introduction to Data and Data Science",5,61.6,67
7,"Introduction to Data and Data Science",5,61.6,100
7,"Introduction to Data and Data Science",5,61.6,33
7,"Introduction to Data and Data Science",5,61.6,92
7,"Introduction to Data and Data Science",5,61.6,100
7,"Introduction to Data and Data Science",5,61.6,50
7,"Introduction to Data and Data Science",5,61.6,83
7,"Introduction to Data and Data Science",5,61.6,67
7,"Introduction to Data and Data Science",5,61.6,0
7,"Introduction to Data and Data Science",5,61.6,50
7,"Introduction to Data and Data Science",5,61.6,100
7,"Introduction to Data and Data Science",5,61.6,17
7,"Introduction to Data and Data Science",5,61.6,33
7,"Introduction to Data and Data Science",5,61.6,83
7,"Introduction to Data and Data Science",5,61.6,67
7,"Introduction to Data and Data Science",5,61.6,0
7,"Introduction to Data and Data Science",5,61.6,0
7,"Introduction to Data and Data Science",5,61.6,83
7,"Introduction to Data and Data Science",5,61.6,0
7,"Introduction to Data and Data Science",5,61.6,33
7,"Introduction to Data and Data Science",5,61.6,67
7,"Introduction to Data and Data Science",5,61.6,100
7,"Introduction to Data and Data Science",5,61.6,50
7,"Introduction to Data and Data Science",5,61.6,67
7,"Introduction to Data and Data Science",5,61.6,67
7,"Introduction to Data and Data Science",5,61.6,100
7,"Introduction to Data and Data Science",5,61.6,17
7,"Introduction to Data and Data Science",5,61.6,100
7,"Introduction to Data and Data Science",5,61.6,50
7,"Introduction to Data and Data Science",5,61.6,100
7,"Introduction to Data and Data Science",5,61.6,67
7,"Introduction to Data and Data Science",5,61.6,100
7,"Introduction to Data and Data Science",5,61.6,17
7,"Introduction to Data and Data Science",5,61.6,17
7,"Introduction to Data and Data Science",5,61.6,50
7,"Introduction to Data and Data Science",5,61.6,100
7,"Introduction to Data and Data Science",5,61.6,50
7,"Introduction to Data and Data Science",5,61.6,100
7,"Introduction to Data and Data Science",5,61.6,100
7,"Introduction to Data and Data Science",5,61.6,67
7,"Introduction to Data and Data Science",5,61.6,83
7,"Introduction to Data and Data Science",5,61.6,50
7,"Introduction to Data and Data Science",5,61.6,83
7,"Introduction to Data and Data Science",5,61.6,83
7,"Introduction to Data and Data Science",5,61.6,17
7,"Introduction to Data and Data Science",5,61.6,50
7,"Introduction to Data and Data Science",4,61.6,67
7,"Introduction to Data and Data Science",5,61.6,100
7,"Introduction to Data and Data Science",5,61.6,67
7,"Introduction to Data and Data Science",4,61.6,100
7,"Introduction to Data and Data Science",4,61.6,17
7,"Introduction to Data and Data Science",5,45.1,100
7,"Introduction to Data and Data Science",5,45.1,50
7,"Introduction to Data and Data Science",5,45.1,100
7,"Introduction to Data and Data Science",5,45.1,83
7,"Introduction to Data and Data Science",5,45.1,0
7,"Introduction to Data and Data Science",5,45.1,83
7,"Introduction to Data and Data Science",5,45.1,0
7,"Introduction to Data and Data Science",5,45.1,100
7,"Introduction to Data and Data Science",5,45.1,67
7,"Introduction to Data and Data Science",5,45.1,100
7,"Introduction to Data and Data Science",5,45.1,0
7,"Introduction to Data and Data Science",5,45.1,0
7,"Introduction to Data and Data Science",5,45.1,33
7,"Introduction to Data and Data Science",5,45.1,100
7,"Introduction to Data and Data Science",5,45.1,50
7,"Introduction to Data and Data Science",5,45.1,100
7,"Introduction to Data and Data Science",5,45.1,83
7,"Introduction to Data and Data Science",5,45.1,93
7,"Introduction to Data and Data Science",5,45.1,37
7,"Introduction to Data and Data Science",5,45.1,100
7,"Introduction to Data and Data Science",5,45.1,67
7,"Introduction to Data and Data Science",5,45.1,100
7,"Introduction to Data and Data Science",5,45.1,33
7,"Introduction to Data and Data Science",5,45.1,92
7,"Introduction to Data and Data Science",5,45.1,100
7,"Introduction to Data and Data Science",5,45.1,50
7,"Introduction to Data and Data Science",5,45.1,83
7,"Introduction to Data and Data Science",5,45.1,67
7,"Introduction to Data and Data Science",5,45.1,0
7,"Introduction to Data and Data Science",5,45.1,50
7,"Introduction to Data and Data Science",5,45.1,100
7,"Introduction to Data and Data Science",5,45.1,17
7,"Introduction to Data and Data Science",5,45.1,33
7,"Introduction to Data and Data Science",5,45.1,83
7,"Introduction to Data and Data Science",5,45.1,67
7,"Introduction to Data and Data Science",5,45.1,0
7,"Introduction to Data and Data Science",5,45.1,0
7,"Introduction to Data and Data Science",5,45.1,83
7,"Introduction to Data and Data Science",5,45.1,0
7,"Introduction to Data and Data Science",5,45.1,33
7,"Introduction to Data and Data Science",5,45.1,67
7,"Introduction to Data and Data Science",5,45.1,100
7,"Introduction to Data and Data Science",5,45.1,50
7,"Introduction to Data and Data Science",5,45.1,67
7,"Introduction to Data and Data Science",5,45.1,67
7,"Introduction to Data and Data Science",5,45.1,100
7,"Introduction to Data and Data Science",5,45.1,17
7,"Introduction to Data and Data Science",5,45.1,100
7,"Introduction to Data and Data Science",5,45.1,50
7,"Introduction to Data and Data Science",5,45.1,100
7,"Introduction to Data and Data Science",5,45.1,67
7,"Introduction to Data and Data Science",5,45.1,100
7,"Introduction to Data and Data Science",5,45.1,17
7,"Introduction to Data and Data Science",5,45.1,17
7,"Introduction to Data and Data Science",5,45.1,50
7,"Introduction to Data and Data Science",5,45.1,100
7,"Introduction to Data and Data Science",5,45.1,50
7,"Introduction to Data and Data Science",5,45.1,100
7,"Introduction to Data and Data Science",5,45.1,100
7,"Introduction to Data and Data Science",5,45.1,67
7,"Introduction to Data and Data Science",5,45.1,83
7,"Introduction to Data and Data Science",5,45.1,50
7,"Introduction to Data and Data Science",5,45.1,83
7,"Introduction to Data and Data Science",5,45.1,83
7,"Introduction to Data and Data Science",5,45.1,17
7,"Introduction to Data and Data Science",5,45.1,50
7,"Introduction to Data and Data Science",4,45.1,67
7,"Introduction to Data and Data Science",5,45.1,100
7,"Introduction to Data and Data Science",5,45.1,67
7,"Introduction to Data and Data Science",4,45.1,100
7,"Introduction to Data and Data Science",4,45.1,17
11,"Data Cleaning and Preprocessing with pandas",5,0.5,17
11,"Data Cleaning and Preprocessing with pandas",5,0.5,100
11,"Data Cleaning and Preprocessing with pandas",4,0.5,92
11,"Data Cleaning and Preprocessing with pandas",4,0.5,100
11,"Data Cleaning and Preprocessing with pandas",4,0.5,67
11,"Data Cleaning and Preprocessing with pandas",4,0.5,100
11,"Data Cleaning and Preprocessing with pandas",5,0.5,83
11,"Data Cleaning and Preprocessing with pandas",5,0.5,67
11,"Data Cleaning and Preprocessing with pandas",4,0.5,87
11,"Data Cleaning and Preprocessing with pandas",5,0.5,0
11,"Data Cleaning and Preprocessing with pandas",4,0.5,100
11,"Data Cleaning and Preprocessing with pandas",4,0.5,67
11,"Data Cleaning and Preprocessing with pandas",4,0.5,100
11,"Data Cleaning and Preprocessing with pandas",4,0.5,50
11,"Data Cleaning and Preprocessing with pandas",5,0.5,83
11,"Data Cleaning and Preprocessing with pandas",4,0.5,100
11,"Data Cleaning and Preprocessing with pandas",4,0.5,83
11,"Data Cleaning and Preprocessing with pandas",4,0.5,67
11,"Data Cleaning and Preprocessing with pandas",4,0.5,83
11,"Data Cleaning and Preprocessing with pandas",4,0.5,50
11,"Data Cleaning and Preprocessing with pandas",5,0.5,100
11,"Data Cleaning and Preprocessing with pandas",5,0.5,67
11,"Data Cleaning and Preprocessing with pandas",5,0.5,100
11,"Data Cleaning and Preprocessing with pandas",5,0.5,67
11,"Data Cleaning and Preprocessing with pandas",4,0.5,100
11,"Data Cleaning and Preprocessing with pandas",4,0.5,67
11,"Data Cleaning and Preprocessing with pandas",5,0.5,33
11,"Data Cleaning and Preprocessing with pandas",5,0.5,83
11,"Data Cleaning and Preprocessing with pandas",4,0.5,90
11,"Data Cleaning and Preprocessing with pandas",5,0.5,77
11,"Data Cleaning and Preprocessing with pandas",4,0.5,100
11,"Data Cleaning and Preprocessing with pandas",4,0.5,100
11,"Data Cleaning and Preprocessing with pandas",4,0.5,100
11,"Data Cleaning and Preprocessing with pandas",4,0.5,63
11,"Data Cleaning and Preprocessing with pandas",5,0.5,50
11,"Data Cleaning and Preprocessing with pandas",5,0.5,100
11,"Data Cleaning and Preprocessing with pandas",5,0.5,67
11,"Data Cleaning and Preprocessing with pandas",5,0.5,83
11,"Data Cleaning and Preprocessing with pandas",5,0.5,100
11,"Data Cleaning and Preprocessing with pandas",5,0.5,50
11,"Data Cleaning and Preprocessing with pandas",5,0.5,100
11,"Data Cleaning and Preprocessing with pandas",5,0.5,67
11,"Data Cleaning and Preprocessing with pandas",4,0.5,100
11,"Data Cleaning and Preprocessing with pandas",4,0.5,67
11,"Data Cleaning and Preprocessing with pandas",4,0.5,67
11,"Data Cleaning and Preprocessing with pandas",4,0.5,100
11,"Data Cleaning and Preprocessing with pandas",5,0.5,67
11,"Data Cleaning and Preprocessing with pandas",4,0.5,100
11,"Data Cleaning and Preprocessing with pandas",4,0.5,83
11,"Data Cleaning and Preprocessing with pandas",5,0.5,100
11,"Data Cleaning and Preprocessing with pandas",4,0.5,100
11,"Data Cleaning and Preprocessing with pandas",4,0.5,67
11,"Data Cleaning and Preprocessing with pandas",5,0.5,100
11,"Data Cleaning and Preprocessing with pandas",5,0.5,33
11,"Data Cleaning and Preprocessing with pandas",5,0.5,100
11,"Data Cleaning and Preprocessing with pandas",5,0.5,67
11,"Data Cleaning and Preprocessing with pandas",5,0.5,63
11,"Data Cleaning and Preprocessing with pandas",5,0.5,100
11,"Data Cleaning and Preprocessing with pandas",5,0.5,50
11,"Data Cleaning and Preprocessing with pandas",5,0.5,100
11,"Data Cleaning and Preprocessing with pandas",5,0.5,83
11,"Data Cleaning and Preprocessing with pandas",4,0.5,83
11,"Data Cleaning and Preprocessing with pandas",4,0.5,50
11,"Data Cleaning and Preprocessing with pandas",5,0.5,100
11,"Data Cleaning and Preprocessing with pandas",5,0.5,83
11,"Data Cleaning and Preprocessing with pandas",5,0.5,83
11,"Data Cleaning and Preprocessing with pandas",5,0.5,17
11,"Data Cleaning and Preprocessing with pandas",5,0.5,75
11,"Data Cleaning and Preprocessing with pandas",5,0.5,83
11,"Data Cleaning and Preprocessing with pandas",5,0.5,83
11,"Data Cleaning and Preprocessing with pandas",5,0.5,100
11,"Data Cleaning and Preprocessing with pandas",5,0.5,83
11,"Data Cleaning and Preprocessing with pandas",5,0.5,100
11,"Data Cleaning and Preprocessing with pandas",5,0.5,83
11,"Data Cleaning and Preprocessing with pandas",4,0.5,100
11,"Data Cleaning and Preprocessing with pandas",5,0.5,100
11,"Data Cleaning and Preprocessing with pandas",5,0.5,67
11,"Data Cleaning and Preprocessing with pandas",5,0.5,83
11,"Data Cleaning and Preprocessing with pandas",5,0.5,33
11,"Data Cleaning and Preprocessing with pandas",5,0.5,100
11,"Data Cleaning and Preprocessing with pandas",5,0.5,83
11,"Data Cleaning and Preprocessing with pandas",5,0.5,83
11,"Data Cleaning and Preprocessing with pandas",5,0.5,67
11,"Data Cleaning and Preprocessing with pandas",4,0.5,100
11,"Data Cleaning and Preprocessing with pandas",5,0.5,83
11,"Data Cleaning and Preprocessing with pandas",5,0.5,33
11,"Data Cleaning and Preprocessing with pandas",5,0.5,71
11,"Data Cleaning and Preprocessing with pandas",5,0.5,100
11,"Data Cleaning and Preprocessing with pandas",5,0.5,46
11,"Data Cleaning and Preprocessing with pandas",5,0.5,100
11,"Data Cleaning and Preprocessing with pandas",5,0.5,17
11,"Data Cleaning and Preprocessing with pandas",5,0.5,33
11,"Data Cleaning and Preprocessing with pandas",5,0.5,83
11,"Data Cleaning and Preprocessing with pandas",5,0.5,83
11,"Data Cleaning and Preprocessing with pandas",5,0.5,67
11,"Data Cleaning and Preprocessing with pandas",4,0.5,88
11,"Data Cleaning and Preprocessing with pandas",4,0.5,58
11,"Data Cleaning and Preprocessing with pandas",4,0.5,100
11,"Data Cleaning and Preprocessing with pandas",4,0.5,50
11,"Data Cleaning and Preprocessing with pandas",4,0.5,100
11,"Data Cleaning and Preprocessing with pandas",2,0.5,88
11,"Data Cleaning and Preprocessing with pandas",2,0.5,83
11,"Data Cleaning and Preprocessing with pandas",2,0.5,83
11,"Data Cleaning and Preprocessing with pandas",5,0.5,100
11,"Data Cleaning and Preprocessing with pandas",5,0.5,50
11,"Data Cleaning and Preprocessing with pandas",2,0.5,67
11,"Data Cleaning and Preprocessing with pandas",5,0.5,100
11,"Data Cleaning and Preprocessing with pandas",5,0.5,100
11,"Data Cleaning and Preprocessing with pandas",5,0.5,33
11,"Data Cleaning and Preprocessing with pandas",5,0.5,83
11,"Data Cleaning and Preprocessing with pandas",5,0.5,100
11,"Data Cleaning and Preprocessing with pandas",5,0.5,83
11,"Data Cleaning and Preprocessing with pandas",5,0.5,100
11,"Data Cleaning and Preprocessing with pandas",5,0.5,83
11,"Data Cleaning and Preprocessing with pandas",5,0.5,83
11,"Data Cleaning and Preprocessing with pandas",5,0.5,67
11,"Data Cleaning and Preprocessing with pandas",4,0.5,100
11,"Data Cleaning and Preprocessing with pandas",5,0.5,100
11,"Data Cleaning and Preprocessing with pandas",5,0.5,83
11,"Data Cleaning and Preprocessing with pandas",5,0.5,83
11,"Data Cleaning and Preprocessing with pandas",5,0.5,67
11,"Data Cleaning and Preprocessing with pandas",4,0.5,89
11,"Data Cleaning and Preprocessing with pandas",4,0.5,50
11,"Data Cleaning and Preprocessing with pandas",5,0.5,83
11,"Data Cleaning and Preprocessing with pandas",5,0.5,80
11,"Data Cleaning and Preprocessing with pandas",5,0.5,83
11,"Data Cleaning and Preprocessing with pandas",4,0.5,100
11,"Data Cleaning and Preprocessing with pandas",4,0.5,33
11,"Data Cleaning and Preprocessing with pandas",5,0.5,83
11,"Data Cleaning and Preprocessing with pandas",5,0.5,83
11,"Data Cleaning and Preprocessing with pandas",5,0.5,67
11,"Data Cleaning and Preprocessing with pandas",5,0.5,67
11,"Data Cleaning and Preprocessing with pandas",5,0.5,67
11,"Data Cleaning and Preprocessing with pandas",5,0.5,75
11,"Data Cleaning and Preprocessing with pandas",5,0.5,67
11,"Data Cleaning and Preprocessing with pandas",4,0.5,83
11,"Data Cleaning and Preprocessing with pandas",4,0.5,100
11,"Data Cleaning and Preprocessing with pandas",4,0.5,67
11,"Data Cleaning and Preprocessing with pandas",5,0.5,100
11,"Data Cleaning and Preprocessing with pandas",4,0.5,88
11,"Data Cleaning and Preprocessing with pandas",5,0.5,70
11,"Data Cleaning and Preprocessing with pandas",4,0.5,83
11,"Data Cleaning and Preprocessing with pandas",4,0.5,100
11,"Data Cleaning and Preprocessing with pandas",4,0.5,67
11,"Data Cleaning and Preprocessing with pandas",4,0.5,100
11,"Data Cleaning and Preprocessing with pandas",4,0.5,67
11,"Data Cleaning and Preprocessing with pandas",5,0.5,33
11,"Data Cleaning and Preprocessing with pandas",4,0.5,61
11,"Data Cleaning and Preprocessing with pandas",4,0.5,100
11,"Data Cleaning and Preprocessing with pandas",4,0.5,33
11,"Data Cleaning and Preprocessing with pandas",5,0.5,83
11,"Data Cleaning and Preprocessing with pandas",5,0.5,100
11,"Data Cleaning and Preprocessing with pandas",4,0.5,83
11,"Data Cleaning and Preprocessing with pandas",4,0.5,17
11,"Data Cleaning and Preprocessing with pandas",5,0.5,88
11,"Data Cleaning and Preprocessing with pandas",4,0.5,100
11,"Data Cleaning and Preprocessing with pandas",4,0.5,83
11,"Data Cleaning and Preprocessing with pandas",4,0.5,50
11,"Data Cleaning and Preprocessing with pandas",5,0.5,83
11,"Data Cleaning and Preprocessing with pandas",5,0.5,42
11,"Data Cleaning and Preprocessing with pandas",5,0.5,67
11,"Data Cleaning and Preprocessing with pandas",5,0.5,67
11,"Data Cleaning and Preprocessing with pandas",4,0.5,33
11,"Data Cleaning and Preprocessing with pandas",4,0.5,100
11,"Data Cleaning and Preprocessing with pandas",4,0.5,50
11,"Data Cleaning and Preprocessing with pandas",5,0.5,100
11,"Data Cleaning and Preprocessing with pandas",5,0.5,83
11,"Data Cleaning and Preprocessing with pandas",5,0.5,100
11,"Data Cleaning and Preprocessing with pandas",5,0.5,50
11,"Data Cleaning and Preprocessing with pandas",5,0.5,100
11,"Data Cleaning and Preprocessing with pandas",5,0.5,67
11,"Data Cleaning and Preprocessing with pandas",4,0.5,100
11,"Data Cleaning and Preprocessing with pandas",4,0.5,67
11,"Data Cleaning and Preprocessing with pandas",5,0.5,100
11,"Data Cleaning and Preprocessing with pandas",5,0.5,92
11,"Data Cleaning and Preprocessing with pandas",5,0.5,83
11,"Data Cleaning and Preprocessing with pandas",5,0.5,100
11,"Data Cleaning and Preprocessing with pandas",5,0.5,63
11,"Data Cleaning and Preprocessing with pandas",5,0.5,100
11,"Data Cleaning and Preprocessing with pandas",5,0.5,50
11,"Data Cleaning and Preprocessing with pandas",4,0.5,100
11,"Data Cleaning and Preprocessing with pandas",4,0.5,50
11,"Data Cleaning and Preprocessing with pandas",5,0.5,100
11,"Data Cleaning and Preprocessing with pandas",5,0.5,50
11,"Data Cleaning and Preprocessing with pandas",4,0.5,97
11,"Data Cleaning and Preprocessing with pandas",4,0.5,73
11,"Data Cleaning and Preprocessing with pandas",5,0.5,83
11,"Data Cleaning and Preprocessing with pandas",5,0.5,79
11,"Data Cleaning and Preprocessing with pandas",5,0.5,100
11,"Data Cleaning and Preprocessing with pandas",5,0.5,83
11,"Data Cleaning and Preprocessing with pandas",5,0.5,100
11,"Data Cleaning and Preprocessing with pandas",4,0.5,100
11,"Data Cleaning and Preprocessing with pandas",5,0.5,83
11,"Data Cleaning and Preprocessing with pandas",5,0.5,67
11,"Data Cleaning and Preprocessing with pandas",4,0.5,77
11,"Data Cleaning and Preprocessing with pandas",5,0.5,67
11,"Data Cleaning and Preprocessing with pandas",5,0.5,28
11,"Data Cleaning and Preprocessing with pandas",5,0.5,100
11,"Data Cleaning and Preprocessing with pandas",5,0.5,67
11,"Data Cleaning and Preprocessing with pandas",4,0.5,100
11,"Data Cleaning and Preprocessing with pandas",4,0.5,67
11,"Data Cleaning and Preprocessing with pandas",5,0.5,67
11,"Data Cleaning and Preprocessing with pandas",5,0.5,88
11,"Data Cleaning and Preprocessing with pandas",5,0.5,67
11,"Data Cleaning and Preprocessing with pandas",4,0.5,100
11,"Data Cleaning and Preprocessing with pandas",5,0.5,28
11,"Data Cleaning and Preprocessing with pandas",5,0.5,77
11,"Data Cleaning and Preprocessing with pandas",5,0.5,100
11,"Data Cleaning and Preprocessing with pandas",4,0.5,83
11,"Data Cleaning and Preprocessing with pandas",5,0.5,50
11,"Data Cleaning and Preprocessing with pandas",5,0.5,67
11,"Data Cleaning and Preprocessing with pandas",5,0.5,100
11,"Data Cleaning and Preprocessing with pandas",4,0.5,100
11,"Data Cleaning and Preprocessing with pandas",4,0.5,83
11,"Data Cleaning and Preprocessing with pandas",5,0.5,0
11,"Data Cleaning and Preprocessing with pandas",5,0.5,67
11,"Data Cleaning and Preprocessing with pandas",5,0.5,67
11,"Data Cleaning and Preprocessing with pandas",5,0.5,80
11,"Data Cleaning and Preprocessing with pandas",4,0.5,100
11,"Data Cleaning and Preprocessing with pandas",4,0.5,50
11,"Data Cleaning and Preprocessing with pandas",5,0.5,75
11,"Data Cleaning and Preprocessing with pandas",5,0.5,50
11,"Data Cleaning and Preprocessing with pandas",5,0.5,83
11,"Data Cleaning and Preprocessing with pandas",5,0.5,33
11,"Data Cleaning and Preprocessing with pandas",5,0.5,57
11,"Data Cleaning and Preprocessing with pandas",4,0.5,97
11,"Data Cleaning and Preprocessing with pandas",4,0.5,67
11,"Data Cleaning and Preprocessing with pandas",4,0.5,43
11,"Data Cleaning and Preprocessing with pandas",5,0.5,100
11,"Data Cleaning and Preprocessing with pandas",5,0.5,33
11,"Data Cleaning and Preprocessing with pandas",4,0.5,100
11,"Data Cleaning and Preprocessing with pandas",4,0.5,0
11,"Data Cleaning and Preprocessing with pandas",4,0.5,100
11,"Data Cleaning and Preprocessing with pandas",4,0.5,83
11,"Data Cleaning and Preprocessing with pandas",4,0.5,100
11,"Data Cleaning and Preprocessing with pandas",4,0.5,96
11,"Data Cleaning and Preprocessing with pandas",4,0.5,75
11,"Data Cleaning and Preprocessing with pandas",4,0.5,100
11,"Data Cleaning and Preprocessing with pandas",4,0.5,50
11,"Data Cleaning and Preprocessing with pandas",4,0.5,100
11,"Data Cleaning and Preprocessing with pandas",4,0.5,83
11,"Data Cleaning and Preprocessing with pandas",5,0.5,100
11,"Data Cleaning and Preprocessing with pandas",5,0.5,83
11,"Data Cleaning and Preprocessing with pandas",4,0.5,100
11,"Data Cleaning and Preprocessing with pandas",5,0.5,83
11,"Data Cleaning and Preprocessing with pandas",4,0.5,100
11,"Data Cleaning and Preprocessing with pandas",4,0.5,67
11,"Data Cleaning and Preprocessing with pandas",4,0.5,50
11,"Data Cleaning and Preprocessing with pandas",5,0.5,83
11,"Data Cleaning and Preprocessing with pandas",4,0.5,100
11,"Data Cleaning and Preprocessing with pandas",5,0.5,100
11,"Data Cleaning and Preprocessing with pandas",5,0.5,67
11,"Data Cleaning and Preprocessing with pandas",5,0.5,71
11,"Data Cleaning and Preprocessing with pandas",5,0.5,79
11,"Data Cleaning and Preprocessing with pandas",5,0.5,83
11,"Data Cleaning and Preprocessing with pandas",5,0.5,100
11,"Data Cleaning and Preprocessing with pandas",5,0.5,100
11,"Data Cleaning and Preprocessing with pandas",5,0.5,100
11,"Data Cleaning and Preprocessing with pandas",5,0.5,67
11,"Data Cleaning and Preprocessing with pandas",5,0.5,54
11,"Data Cleaning and Preprocessing with pandas",5,0.5,100
11,"Data Cleaning and Preprocessing with pandas",5,0.5,33
11,"Data Cleaning and Preprocessing with pandas",5,0.5,100
11,"Data Cleaning and Preprocessing with pandas",5,0.5,17
11,"Data Cleaning and Preprocessing with pandas",5,0.5,100
11,"Data Cleaning and Preprocessing with pandas",5,0.5,67
11,"Data Cleaning and Preprocessing with pandas",5,0.5,100
11,"Data Cleaning and Preprocessing with pandas",5,0.5,75
11,"Data Cleaning and Preprocessing with pandas",5,0.5,100
11,"Data Cleaning and Preprocessing with pandas",5,0.5,83
11,"Data Cleaning and Preprocessing with pandas",4,0.5,67
11,"Data Cleaning and Preprocessing with pandas",5,0.5,100
11,"Data Cleaning and Preprocessing with pandas",5,0.5,67
11,"Data Cleaning and Preprocessing with pandas",4,0.5,100
11,"Data Cleaning and Preprocessing with pandas",4,0.5,83
11,"Data Cleaning and Preprocessing with pandas",4,0.5,100
11,"Data Cleaning and Preprocessing with pandas",4,0.5,83
11,"Data Cleaning and Preprocessing with pandas",4,0.5,100
11,"Data Cleaning and Preprocessing with pandas",5,1.1,17
11,"Data Cleaning and Preprocessing with pandas",5,1.1,100
11,"Data Cleaning and Preprocessing with pandas",4,1.1,92
11,"Data Cleaning and Preprocessing with pandas",4,1.1,100
11,"Data Cleaning and Preprocessing with pandas",4,1.1,67
11,"Data Cleaning and Preprocessing with pandas",4,1.1,100
11,"Data Cleaning and Preprocessing with pandas",5,1.1,83
11,"Data Cleaning and Preprocessing with pandas",5,1.1,67
11,"Data Cleaning and Preprocessing with pandas",4,1.1,87
11,"Data Cleaning and Preprocessing with pandas",5,1.1,0
11,"Data Cleaning and Preprocessing with pandas",4,1.1,100
11,"Data Cleaning and Preprocessing with pandas",4,1.1,67
11,"Data Cleaning and Preprocessing with pandas",4,1.1,100
11,"Data Cleaning and Preprocessing with pandas",4,1.1,50
11,"Data Cleaning and Preprocessing with pandas",5,1.1,83
11,"Data Cleaning and Preprocessing with pandas",4,1.1,100
11,"Data Cleaning and Preprocessing with pandas",4,1.1,83
11,"Data Cleaning and Preprocessing with pandas",4,1.1,67
11,"Data Cleaning and Preprocessing with pandas",4,1.1,83
11,"Data Cleaning and Preprocessing with pandas",4,1.1,50
11,"Data Cleaning and Preprocessing with pandas",5,1.1,100
11,"Data Cleaning and Preprocessing with pandas",5,1.1,67
11,"Data Cleaning and Preprocessing with pandas",5,1.1,100
11,"Data Cleaning and Preprocessing with pandas",5,1.1,67
11,"Data Cleaning and Preprocessing with pandas",4,1.1,100
11,"Data Cleaning and Preprocessing with pandas",4,1.1,67
11,"Data Cleaning and Preprocessing with pandas",5,1.1,33
11,"Data Cleaning and Preprocessing with pandas",5,1.1,83
11,"Data Cleaning and Preprocessing with pandas",4,1.1,90
11,"Data Cleaning and Preprocessing with pandas",5,1.1,77
11,"Data Cleaning and Preprocessing with pandas",4,1.1,100
11,"Data Cleaning and Preprocessing with pandas",4,1.1,100
11,"Data Cleaning and Preprocessing with pandas",4,1.1,100
11,"Data Cleaning and Preprocessing with pandas",4,1.1,63
11,"Data Cleaning and Preprocessing with pandas",5,1.1,50
11,"Data Cleaning and Preprocessing with pandas",5,1.1,100
11,"Data Cleaning and Preprocessing with pandas",5,1.1,67
11,"Data Cleaning and Preprocessing with pandas",5,1.1,83
11,"Data Cleaning and Preprocessing with pandas",5,1.1,100
11,"Data Cleaning and Preprocessing with pandas",5,1.1,50
11,"Data Cleaning and Preprocessing with pandas",5,1.1,100
11,"Data Cleaning and Preprocessing with pandas",5,1.1,67
11,"Data Cleaning and Preprocessing with pandas",4,1.1,100
11,"Data Cleaning and Preprocessing with pandas",4,1.1,67
11,"Data Cleaning and Preprocessing with pandas",4,1.1,67
11,"Data Cleaning and Preprocessing with pandas",4,1.1,100
11,"Data Cleaning and Preprocessing with pandas",5,1.1,67
11,"Data Cleaning and Preprocessing with pandas",4,1.1,100
11,"Data Cleaning and Preprocessing with pandas",4,1.1,83
11,"Data Cleaning and Preprocessing with pandas",5,1.1,100
11,"Data Cleaning and Preprocessing with pandas",4,1.1,100
11,"Data Cleaning and Preprocessing with pandas",4,1.1,67
11,"Data Cleaning and Preprocessing with pandas",5,1.1,100
11,"Data Cleaning and Preprocessing with pandas",5,1.1,33
11,"Data Cleaning and Preprocessing with pandas",5,1.1,100
11,"Data Cleaning and Preprocessing with pandas",5,1.1,67
11,"Data Cleaning and Preprocessing with pandas",5,1.1,63
11,"Data Cleaning and Preprocessing with pandas",5,1.1,100
11,"Data Cleaning and Preprocessing with pandas",5,1.1,50
11,"Data Cleaning and Preprocessing with pandas",5,1.1,100
11,"Data Cleaning and Preprocessing with pandas",5,1.1,83
11,"Data Cleaning and Preprocessing with pandas",4,1.1,83
11,"Data Cleaning and Preprocessing with pandas",4,1.1,50
11,"Data Cleaning and Preprocessing with pandas",5,1.1,100
11,"Data Cleaning and Preprocessing with pandas",5,1.1,83
11,"Data Cleaning and Preprocessing with pandas",5,1.1,83
11,"Data Cleaning and Preprocessing with pandas",5,1.1,17
11,"Data Cleaning and Preprocessing with pandas",5,1.1,75
11,"Data Cleaning and Preprocessing with pandas",5,1.1,83
11,"Data Cleaning and Preprocessing with pandas",5,1.1,83
11,"Data Cleaning and Preprocessing with pandas",5,1.1,100
11,"Data Cleaning and Preprocessing with pandas",5,1.1,83
11,"Data Cleaning and Preprocessing with pandas",5,1.1,100
11,"Data Cleaning and Preprocessing with pandas",5,1.1,83
11,"Data Cleaning and Preprocessing with pandas",4,1.1,100
11,"Data Cleaning and Preprocessing with pandas",5,1.1,100
11,"Data Cleaning and Preprocessing with pandas",5,1.1,67
11,"Data Cleaning and Preprocessing with pandas",5,1.1,83
11,"Data Cleaning and Preprocessing with pandas",5,1.1,33
11,"Data Cleaning and Preprocessing with pandas",5,1.1,100
11,"Data Cleaning and Preprocessing with pandas",5,1.1,83
11,"Data Cleaning and Preprocessing with pandas",5,1.1,83
11,"Data Cleaning and Preprocessing with pandas",5,1.1,67
11,"Data Cleaning and Preprocessing with pandas",4,1.1,100
11,"Data Cleaning and Preprocessing with pandas",5,1.1,83
11,"Data Cleaning and Preprocessing with pandas",5,1.1,33
11,"Data Cleaning and Preprocessing with pandas",5,1.1,71
11,"Data Cleaning and Preprocessing with pandas",5,1.1,100
11,"Data Cleaning and Preprocessing with pandas",5,1.1,46
11,"Data Cleaning and Preprocessing with pandas",5,1.1,100
11,"Data Cleaning and Preprocessing with pandas",5,1.1,17
11,"Data Cleaning and Preprocessing with pandas",5,1.1,33
11,"Data Cleaning and Preprocessing with pandas",5,1.1,83
11,"Data Cleaning and Preprocessing with pandas",5,1.1,83
11,"Data Cleaning and Preprocessing with pandas",5,1.1,67
11,"Data Cleaning and Preprocessing with pandas",4,1.1,88
11,"Data Cleaning and Preprocessing with pandas",4,1.1,58
11,"Data Cleaning and Preprocessing with pandas",4,1.1,100
11,"Data Cleaning and Preprocessing with pandas",4,1.1,50
11,"Data Cleaning and Preprocessing with pandas",4,1.1,100
11,"Data Cleaning and Preprocessing with pandas",2,1.1,88
11,"Data Cleaning and Preprocessing with pandas",2,1.1,83
11,"Data Cleaning and Preprocessing with pandas",2,1.1,83
11,"Data Cleaning and Preprocessing with pandas",5,1.1,100
